title.id,title.isAdult,title.canRateTitle.isRatable,title.originalTitleText.text,title.primaryImage.id,title.primaryImage.imageUrl,title.primaryImage.imageWidth,title.primaryImage.imageHeight,title.ratingsSummary.aggregateRating,title.ratingsSummary.topRanking,title.ratingsSummary.voteCount,title.releaseYear.year,title.releaseYear.endYear,title.titleEpisode,title.titleText.text,title.titleType.id,title.titleType.text,title.titleType.displayableProperty.value.plainText,title.titleType.categories,title.titleType.canHaveEpisodes,title.titleType.isSeries,title.titleType.isEpisode,title.series,title.ratingsSummary.topRanking.rank,country
tt28259207,False,True,Kill,rm671641857,https://m.media-amazon.com/images/M/MV5BZjI1ZjM3NjUtYTc1Ni00ODJmLWI5YjQtMWZiZTAyNTFiZGY1XkEyXkFqcGc@._V1_.jpg,1080,1350,7.9,,7214,2023,,,Kill,movie,Movie,,"[{'id': 'movie', 'text': 'Movie', 'value': 'movie'}]",False,False,False,,,IN
tt27440937,False,True,Weapon,rm3727717121,https://m.media-amazon.com/images/M/MV5BMzIxMDkzNjMtYWRjYy00MTFkLTk0M2EtY2Q3ZTEwZTI5MTFhXkEyXkFqcGc@._V1_.jpg,820,1280,8.7,,5165,2024,,,Weapon,movie,Movie,,"[{'id': 'movie', 'text': 'Movie', 'value': 'movie'}]",False,False,False,,,IN
tt23864864,False,True,Joram,rm4185347073,https://m.media-amazon.com/images/M/MV5BOWE4M2Y3YmUtNDhhNy00YjA4LThkMGQtNTZkMjM2ZDRhM2UwXkEyXkFqcGdeQXVyMTYzMTU3Njgx._V1_.jpg,1000,1500,6.6,,2473,2023,,,Joram,movie,Movie,,"[{'id': 'movie', 'text': 'Movie', 'value': 'movie'}]",False,False,False,,,IN
tt11651796,False,True,AK vs AK,rm279368193,https://m.media-amazon.com/images/M/MV5BNDJkOTVkYTMtMTk2OC00YTkyLThjMGYtMTdiYWRjYTQ1YTYzXkEyXkFqcGdeQXVyODE5NzE3OTE@._V1_.jpg,805,1200,6.9,,15270,2020,,,AK vs AK,movie,Movie,,"[{'id': 'movie', 'text': 'Movie', 'value': 'movie'}]",False,False,False,,,IN
tt14479746,False,True,Thar,rm402464513,https://m.media-amazon.com/images/M/MV5BOWY1NjE2MzUtYTVjOC00ZDUxLWIwZDUtMzk5YWQ5ODc5YTI5XkEyXkFqcGdeQXVyMTI1NDEyNTM5._V1_.jpg,1080,1078,6.1,,8030,2022,,,Thar,movie,Movie,,"[{'id': 'movie', 'text': 'Movie', 'value': 'movie'}]",False,False,False,,,IN
tt32368060,False,True,Dirty Fellow,rm4190993665,https://m.media-amazon.com/images/M/MV5BMGI0MTQ5ODQtNmZiMy00MjY3LWE4ODktYzUwZTFkYmJlNDZjXkEyXkFqcGdeQXVyMTA4MzQ4NzMw._V1_.jpg,1654,2290,9.8,,3258,2024,,,Dirty Fellow,movie,Movie,,"[{'id': 'movie', 'text': 'Movie', 'value': 'movie'}]",False,False,False,,,IN
tt13510660,False,True,Dhamaka,rm36434945,https://m.media-amazon.com/images/M/MV5BNzUyOWU2M2MtMDU1Yy00M2E1LTg3OTktMGRjYTE2MjkzYzUwXkEyXkFqcGdeQXVyODE5NzE3OTE@._V1_.jpg,746,1080,6.8,,42656,2021,,,Dhamaka,movie,Movie,,"[{'id': 'movie', 'text': 'Movie', 'value': 'movie'}]",False,False,False,,3758.0,IN
tt15073166,False,True,IB 71,rm4031928321,https://m.media-amazon.com/images/M/MV5BZDk1NWU5MjMtOWY4Zi00YWJhLTlkMDUtYjllMjQwZWE3OGU2XkEyXkFqcGdeQXVyMTY4MjU0NDY3._V1_.jpg,1078,1616,7.2,,10565,2023,,,IB 71,movie,Movie,,"[{'id': 'movie', 'text': 'Movie', 'value': 'movie'}]",False,False,False,,,IN
tt14418234,False,True,State of Siege: Temple Attack,rm1060829185,https://m.media-amazon.com/images/M/MV5BNGNlOWEyZDgtNTZiMi00YjgxLTlkOTUtNGI3ZWM2YzU3ZTU2XkEyXkFqcGdeQXVyMTIzMzg0MTM2._V1_.jpg,2000,2500,7.7,,9750,2021,,,State of Siege: Temple Attack,movie,Movie,,"[{'id': 'movie', 'text': 'Movie', 'value': 'movie'}]",False,False,False,,,IN
tt20724796,False,True,Kerosene,rm2378043649,https://m.media-amazon.com/images/M/MV5BNGRlODk2NTctNmRjNS00YjhmLTllYzAtMmJhNDY1NjIwOTA5XkEyXkFqcGdeQXVyMTEwOTUyOTg5._V1_.jpg,2000,3000,6.6,,1621,2022,,,Kerosene,movie,Movie,,"[{'id': 'movie', 'text': 'Movie', 'value': 'movie'}]",False,False,False,,,IN
tt13912632,False,True,Sanak,rm3283940865,https://m.media-amazon.com/images/M/MV5BODg3NzhlMjktODA2MS00YTJkLWEyYWMtNGYxMzYwYTViMWQwXkEyXkFqcGdeQXVyMTI1NDEyNTM5._V1_.jpg,675,900,6.6,,10975,2021,,,Sanak,movie,Movie,,"[{'id': 'movie', 'text': 'Movie', 'value': 'movie'}]",False,False,False,,,IN
tt32491118,False,True,Big Brother,rm3452269313,https://m.media-amazon.com/images/M/MV5BMGMxOTkzZTQtZTFjMC00OGUxLTk3ZWQtYTRjYTJjODZjNDgxXkEyXkFqcGc@._V1_.jpg,2000,3000,8.2,,2006,2024,,,Big Brother,movie,Movie,,"[{'id': 'movie', 'text': 'Movie', 'value': 'movie'}]",False,False,False,,,IN
tt23752842,False,True,The Heist,rm3240981761,https://m.media-amazon.com/images/M/MV5BYjBlNjM3NWItMTI2YS00Nzc3LTg3MzgtZGUzYmI5OWI1M2FmXkEyXkFqcGc@._V1_.jpg,1080,1920,8.3,,1362,2024,,,The Heist,movie,Movie,,"[{'id': 'movie', 'text': 'Movie', 'value': 'movie'}]",False,False,False,,,IN
tt28362963,False,True,Checkmate,rm2217551105,https://m.media-amazon.com/images/M/MV5BMWJhZDc2ZmQtNTY3OS00MmE3LWJhMTEtYjllZjhjN2QwZjhjXkEyXkFqcGdeQXVyMTYxNzIxNTQ0._V1_.jpg,2480,3100,7.8,,24544,2023,,,Checkmate,movie,Movie,,"[{'id': 'movie', 'text': 'Movie', 'value': 'movie'}]",False,False,False,,,IN
tt23058594,False,True,Focus,rm1483867905,https://m.media-amazon.com/images/M/MV5BZmJlNGU4YWEtZDZkMy00ZjUzLWJhYjQtZWU5NDc4Y2E5NWVkXkEyXkFqcGdeQXVyMjYyOTkyNjM@._V1_.jpg,804,1388,7.8,,2981,2022,,,Focus,movie,Movie,,"[{'id': 'movie', 'text': 'Movie', 'value': 'movie'}]",False,False,False,,,IN
tt25376056,False,True,Keedaa Cola,rm1185108225,https://m.media-amazon.com/images/M/MV5BNGIxMWMwMmUtYTI0Zi00MDM0LWIxNzYtODk0Mjg4YzA3ZTI2XkEyXkFqcGdeQXVyMTUyNjIwMDEw._V1_.jpg,577,716,7.4,,3323,2023,,,Keedaa Cola,movie,Movie,,"[{'id': 'movie', 'text': 'Movie', 'value': 'movie'}]",False,False,False,,,IN
tt28696625,False,True,Yendira Ee Panchayithi,rm264786689,https://m.media-amazon.com/images/M/MV5BZDM3ZTVhMDktMDExOC00YzU0LWIyNTMtNjViMTM4ZGIzYjdmXkEyXkFqcGdeQXVyMTA1ODY1NzY3._V1_.jpg,2000,2834,8.2,,1116,2023,,,Yendira Ee Panchayithi,movie,Movie,,"[{'id': 'movie', 'text': 'Movie', 'value': 'movie'}]",False,False,False,,,IN
tt29515802,False,True,S-99,rm3998644993,https://m.media-amazon.com/images/M/MV5BNzYyNjQ2ZjMtMjFjZC00MmExLWFmNDQtMTE5Yjk1MjJkZjE3XkEyXkFqcGdeQXVyMTMzODIwNDAw._V1_.jpg,1881,697,8.8,,2054,2024,,,S-99,movie,Movie,,"[{'id': 'movie', 'text': 'Movie', 'value': 'movie'}]",False,False,False,,,IN
tt13369990,False,True,Gully Gang,rm855437057,https://m.media-amazon.com/images/M/MV5BZTE0ZDVkZTQtNzlkOC00OTBlLWE1YTYtZDZjYTIwMGUyOTc3XkEyXkFqcGdeQXVyMTAwNDA4NDky._V1_.jpg,3840,2160,8.4,,2088,2022,,,Gully Gang,movie,Movie,,"[{'id': 'movie', 'text': 'Movie', 'value': 'movie'}]",False,False,False,,,IN
tt15716828,False,True,Red Sandal Wood,rm2224839681,https://m.media-amazon.com/images/M/MV5BYzM4N2UyMTctODBlOC00M2U4LTk1ZDktZWQ2NDU2YjlhNWU2XkEyXkFqcGdeQXVyMTA4MzQ4NzMw._V1_.jpg,1066,1600,6.1,,1144,2023,,,Red Sandal Wood,movie,Movie,,"[{'id': 'movie', 'text': 'Movie', 'value': 'movie'}]",False,False,False,,,IN
tt14917786,False,True,Narasimhapuram,rm667745025,https://m.media-amazon.com/images/M/MV5BYTIyZTNiODctMjA0Mi00ZTU1LTkwYjgtYjAzMTY4Y2QzZjM0XkEyXkFqcGdeQXVyMTMzNzA4MTMx._V1_.jpg,3000,2000,7.3,,2208,2021,,,Narasimhapuram,movie,Movie,,"[{'id': 'movie', 'text': 'Movie', 'value': 'movie'}]",False,False,False,,,IN
tt15166394,False,True,Hi Five: Fun and Gun,rm519178241,https://m.media-amazon.com/images/M/MV5BMGVhNmU2ZmQtOTUyOC00MTA0LTgwMjUtMWQ2NWEwMDk4ZWQ5XkEyXkFqcGdeQXVyMTMzNzA4MTMx._V1_.jpg,3200,6400,7.8,,1819,2022,,,Hi Five: Fun and Gun,movie,Movie,,"[{'id': 'movie', 'text': 'Movie', 'value': 'movie'}]",False,False,False,,,IN
tt27850479,False,True,Revenge,rm120922881,https://m.media-amazon.com/images/M/MV5BNjQzMTcyZGEtM2IzMi00MzBkLTg3ZjItNmI4ODcxMDhkZWExXkEyXkFqcGdeQXVyMTUwNzQzNzUz._V1_.jpg,2000,3000,6.9,,1356,2023,,,Revenge,movie,Movie,,"[{'id': 'movie', 'text': 'Movie', 'value': 'movie'}]",False,False,False,,,IN
tt18280338,False,True,Balraju,rm2499536129,https://m.media-amazon.com/images/M/MV5BYzBkY2MxYWMtZGYwNC00YTU4LWE1YTEtNDcxODFmZjczOWIwXkEyXkFqcGdeQXVyMTMzNzA4MTMx._V1_.jpg,1000,2000,7.4,,1605,2022,,,Balraju,movie,Movie,,"[{'id': 'movie', 'text': 'Movie', 'value': 'movie'}]",False,False,False,,,IN
tt24227752,False,True,Raa Raa Penimiti,rm2110204929,https://m.media-amazon.com/images/M/MV5BMzBmY2Q3ZDUtNGFkOC00NTEzLTljNmQtMWUzZjJkZDUwMTU3XkEyXkFqcGdeQXVyMTI5MjcxOTc3._V1_.jpg,876,1280,6.6,,1564,2023,,,Raa Raa Penimiti,movie,Movie,,"[{'id': 'movie', 'text': 'Movie', 'value': 'movie'}]",False,False,False,,,IN
tt19407476,False,True,Bari,rm418062081,https://m.media-amazon.com/images/M/MV5BN2FmM2NjMWQtNjljYi00ZTE0LWFiZjItMzdkMjkzYzhhZGFiXkEyXkFqcGdeQXVyMTEwOTUyOTg5._V1_.jpg,3000,4500,8.3,,1536,2022,,,Bari,movie,Movie,,"[{'id': 'movie', 'text': 'Movie', 'value': 'movie'}]",False,False,False,,,IN
tt15576316,False,True,Thirgusomeese,rm1301870337,https://m.media-amazon.com/images/M/MV5BNzM1MDA0YmItODAyNC00MjM4LTk1MWItZjBjNjliZWE0ZWI3XkEyXkFqcGdeQXVyMTM2NDUxNzM3._V1_.jpg,1800,2550,7.0,,1204,2021,,,Thirgusomeese,movie,Movie,,"[{'id': 'movie', 'text': 'Movie', 'value': 'movie'}]",False,False,False,,,IN
tt25966332,False,True,Error 500,rm4127407105,https://m.media-amazon.com/images/M/MV5BNDU0YmM5ZmQtZmYzNy00YTA2LTg4MDItMjViNTIwNzM3YjE5XkEyXkFqcGdeQXVyMTUwNzQzNzUz._V1_.jpg,2000,3000,7.4,,2067,2023,,,Error 500,movie,Movie,,"[{'id': 'movie', 'text': 'Movie', 'value': 'movie'}]",False,False,False,,,IN
tt18246372,False,True,2020 Golmaal,rm3065242625,https://m.media-amazon.com/images/M/MV5BOTdlNzcyZDMtOTg2MS00ZmE2LWEwZDYtYmYxMjJmOGQ2MWMwXkEyXkFqcGdeQXVyMTQ5MTE1NDg1._V1_.jpg,640,1280,6.5,,1200,2022,,,2020 Golmaal,movie,Movie,,"[{'id': 'movie', 'text': 'Movie', 'value': 'movie'}]",False,False,False,,,IN
tt3083016,False,True,Beverly Hills Cop: Axel F,rm2210099713,https://m.media-amazon.com/images/M/MV5BMDVhYWNkNTUtZWVjMC00Y2M1LWEzNmItZjFiMzA4ZjNiODI4XkEyXkFqcGc@._V1_.jpg,6075,9000,6.5,,52304,2024,,,Beverly Hills Cop: Axel F,movie,Movie,,"[{'id': 'movie', 'text': 'Movie', 'value': 'movie'}]",False,False,False,,3832.0,US
tt17279496,False,True,Civil War,rm1657225473,https://m.media-amazon.com/images/M/MV5BYTYyODhlODktYjUzNC00NjUyLWI1MzYtNmI0MTY3YTUxYjY2XkEyXkFqcGdeQXVyMTkxNjUyNQ@@._V1_.jpg,8100,12000,7.1,,135852,2024,,,Civil War,movie,Movie,,"[{'id': 'movie', 'text': 'Movie', 'value': 'movie'}]",False,False,False,,2194.0,US
tt19864802,False,True,Land of Bad,rm2334214145,https://m.media-amazon.com/images/M/MV5BMzkyOTUzYTUtY2UzYS00MjY4LTljZWYtYzMyMmZlMWYwMjQ5XkEyXkFqcGdeQXVyMDM2NDM2MQ@@._V1_.jpg,8176,12076,6.6,,29772,2024,,,Land of Bad,movie,Movie,,"[{'id': 'movie', 'text': 'Movie', 'value': 'movie'}]",False,False,False,,3606.0,US
tt15314262,False,True,The Beekeeper,rm1044402945,https://m.media-amazon.com/images/M/MV5BZjQwYjU3OTYtMWVhMi00N2Y2LWEzMDgtMzViN2U4NWI1NmI3XkEyXkFqcGdeQXVyODk2NDQ3MTA@._V1_.jpg,2765,4096,6.4,,116590,2024,,,The Beekeeper,movie,Movie,,"[{'id': 'movie', 'text': 'Movie', 'value': 'movie'}]",False,False,False,,4363.0,US
tt5177120,False,True,The Ministry of Ungentlemanly Warfare,rm2125219329,https://m.media-amazon.com/images/M/MV5BOWI5YTlkNTktOTJlMC00MmYyLThkNzQtYmExOGZkZDE1ZjgwXkEyXkFqcGdeQXVyMjM4NTM5NDY@._V1_.jpg,2025,3000,6.8,,53722,2024,,,The Ministry of Ungentlemanly Warfare,movie,Movie,,"[{'id': 'movie', 'text': 'Movie', 'value': 'movie'}]",False,False,False,,2955.0,US
tt4919268,False,True,Bad Boys: Ride or Die,rm1436515585,https://m.media-amazon.com/images/M/MV5BY2U5YmQ3YjgtM2I2OC00YmM5LTkyM2MtN2I5Zjg2MDE0ODkwXkEyXkFqcGdeQXVyMDM2NDM2MQ@@._V1_.jpg,2000,3000,6.9,,35630,2024,,,Bad Boys: Ride or Die,movie,Movie,,"[{'id': 'movie', 'text': 'Movie', 'value': 'movie'}]",False,False,False,,2750.0,US
tt14539740,False,True,Godzilla x Kong: The New Empire,rm509049345,https://m.media-amazon.com/images/M/MV5BY2QwOGE2NGQtMWQwNi00M2IzLThlNWItYWMzNGQ5YWNiZDA4XkEyXkFqcGdeQXVyNTE1NjY5Mg@@._V1_.jpg,1920,2880,6.1,,90891,2024,,,Godzilla x Kong: The New Empire,movie,Movie,,"[{'id': 'movie', 'text': 'Movie', 'value': 'movie'}]",False,False,False,,4904.0,US
tt30150917,False,True,Justice League: Crisis on Infinite Earths - Part Three,rm3781066497,https://m.media-amazon.com/images/M/MV5BNzM2MWM1M2UtZjk2NS00MGZkLTkxZmUtZjZiMjRjYWEwNzRkXkEyXkFqcGdeQXVyMTgxMjAyNDQ5._V1_.jpg,1080,1440,6.0,,1206,2024,,,"Justice League: Crisis on Infinite Earths, Part Three",movie,Movie,,"[{'id': 'movie', 'text': 'Movie', 'value': 'movie'}]",False,False,False,,,US
tt8242084,False,True,My Spy,rm2194909697,https://m.media-amazon.com/images/M/MV5BNzMyOWRjYjUtMjc2OC00MWUyLWEzODktYWZlZDYxYjk4MDViXkEyXkFqcGdeQXVyODE0OTU5Nzg@._V1_.jpg,1150,1704,6.4,,35829,2020,,,My Spy,movie,Movie,,"[{'id': 'movie', 'text': 'Movie', 'value': 'movie'}]",False,False,False,,4170.0,US
tt21692408,False,True,Kung Fu Panda 4,rm3773712385,https://m.media-amazon.com/images/M/MV5BZDY0YzI0OTctYjVhYy00MTVhLWE0NTgtYTRmYTBmOTE3YTViXkEyXkFqcGdeQXVyMTUzMTg2ODkz._V1_.jpg,3158,5000,6.3,,48536,2024,,,Kung Fu Panda 4,movie,Movie,,"[{'id': 'movie', 'text': 'Movie', 'value': 'movie'}]",False,False,False,,4282.0,US
tt13923084,False,True,Boy Kills World,rm2834580737,https://m.media-amazon.com/images/M/MV5BNmYyM2VhM2UtYmEzNi00M2RmLTkzYWQtZGQ5MjI2MzQzMWMyXkEyXkFqcGdeQXVyMTkxNjUyNQ@@._V1_.jpg,1350,2000,6.4,,20413,2023,,,Boy Kills World,movie,Movie,,"[{'id': 'movie', 'text': 'Movie', 'value': 'movie'}]",False,False,False,,,US
tt1136617,False,True,The Killer,rm2111594241,https://m.media-amazon.com/images/M/MV5BZGJkMDUwZWQtYTMzMS00NTg5LWE1ZTYtOTVhMDI4NGI1YjMyXkEyXkFqcGdeQXVyODk4OTc3MTY@._V1_.jpg,1013,1500,6.7,,191138,2023,,,The Killer,movie,Movie,,"[{'id': 'movie', 'text': 'Movie', 'value': 'movie'}]",False,False,False,,3278.0,US
tt6264654,False,True,Free Guy,rm2006762753,https://m.media-amazon.com/images/M/MV5BOTY2NzFjODctOWUzMC00MGZhLTlhNjMtM2Y2ODBiNGY1ZWRiXkEyXkFqcGdeQXVyMDM2NDM2MQ@@._V1_.jpg,2082,3000,7.1,,434444,2021,,,Free Guy,movie,Movie,,"[{'id': 'movie', 'text': 'Movie', 'value': 'movie'}]",False,False,False,,2274.0,US
tt13452446,False,True,Damsel,rm912933377,https://m.media-amazon.com/images/M/MV5BODRiMTA4NGMtOTQzZC00OWFjLWFmODctMjY2ZTcwYjI5NDMyXkEyXkFqcGdeQXVyMDc5ODIzMw@@._V1_.jpg,604,755,6.1,,93491,2024,,,Damsel,movie,Movie,,"[{'id': 'movie', 'text': 'Movie', 'value': 'movie'}]",False,False,False,,4888.0,US
tt11291274,False,True,The Unbearable Weight of Massive Talent,rm289347585,https://m.media-amazon.com/images/M/MV5BNDM2ODNiMWItOWRkNS00ODE3LWE2OGYtNTZkMDJkOWI1ODMxXkEyXkFqcGdeQXVyMjMxOTE0ODA@._V1_.jpg,2764,4096,7.0,,156632,2022,,,The Unbearable Weight of Massive Talent,movie,Movie,,"[{'id': 'movie', 'text': 'Movie', 'value': 'movie'}]",False,False,False,,2652.0,US
tt29195117,False,True,Justice League: Crisis on Infinite Earths - Part One,rm3255192065,https://m.media-amazon.com/images/M/MV5BMzg1MWQ5NzgtZjlhZi00MjU4LThmZDUtOWQ5ZjMzN2ZlODNkXkEyXkFqcGdeQXVyMTk2OTAzNTI@._V1_.jpg,2000,3000,6.2,,5809,2024,,,Justice League: Crisis on Infinite Earths - Part One,movie,Movie,,"[{'id': 'movie', 'text': 'Movie', 'value': 'movie'}]",False,False,False,,,US
tt6722400,False,True,Fast Charlie,rm2253804545,https://m.media-amazon.com/images/M/MV5BNGVlZDAyNjYtMjBkNi00MWJhLTliOWUtZTI1NzFjYWY1ZDQxXkEyXkFqcGdeQXVyNzc3MDg1NTM@._V1_.jpg,1283,1888,6.0,,21463,2023,,,Fast Charlie,movie,Movie,,"[{'id': 'movie', 'text': 'Movie', 'value': 'movie'}]",False,False,False,,,US
tt5034838,False,True,Godzilla vs. Kong,rm1107577345,https://m.media-amazon.com/images/M/MV5BOTI3NzNhNDItYWY0My00ZmE3LTgxMmYtYzQzZWU2NDcxYzVjXkEyXkFqcGdeQXVyODE5NzE3OTE@._V1_.jpg,2043,3000,6.3,,247381,2021,,,Godzilla vs. Kong,movie,Movie,,"[{'id': 'movie', 'text': 'Movie', 'value': 'movie'}]",False,False,False,,4584.0,US
tt17024450,False,True,The Equalizer 3,rm4249700097,https://m.media-amazon.com/images/M/MV5BYjZjYTllOWItYjUxMC00NTA0LWI1ZjItNjE5YjVhZjRmYmYwXkEyXkFqcGdeQXVyMTcwOTQzOTYy._V1_.jpg,2024,3000,6.8,,125504,2023,,,The Equalizer 3,movie,Movie,,"[{'id': 'movie', 'text': 'Movie', 'value': 'movie'}]",False,False,False,,3048.0,US
tt16431870,False,True,The Family Plan,rm1684166401,https://m.media-amazon.com/images/M/MV5BZWQzZWFmOWMtODM4Ni00YjYwLWI4ZTYtOTkwZmYyMzFkN2E2XkEyXkFqcGdeQXVyODk4OTc3MTY@._V1_.jpg,2000,3000,6.3,,45103,2023,,,The Family Plan,movie,Movie,,"[{'id': 'movie', 'text': 'Movie', 'value': 'movie'}]",False,False,False,,4351.0,US
tt3915174,False,True,Puss in Boots: The Last Wish,rm342562561,https://m.media-amazon.com/images/M/MV5BNjMyMDBjMGUtNDUzZi00N2MwLTg1MjItZTk2MDE1OTZmNTYxXkEyXkFqcGdeQXVyMTQ5NjA0NDM0._V1_.jpg,760,1154,7.8,,181456,2022,,,Puss in Boots: The Last Wish,movie,Movie,,"[{'id': 'movie', 'text': 'Movie', 'value': 'movie'}]",False,False,False,,623.0,US
tt13320622,False,True,The Lost City,rm3056854785,https://m.media-amazon.com/images/M/MV5BMmIwYzFhODAtY2I1YS00ZDdmLTkyYWQtZjI5NDIwMDc2MjEyXkEyXkFqcGdeQXVyODk4OTc3MTY@._V1_.jpg,2024,3000,6.1,,162328,2022,,,The Lost City,movie,Movie,,"[{'id': 'movie', 'text': 'Movie', 'value': 'movie'}]",False,False,False,,4999.0,US
tt7888964,False,True,Nobody,rm2907556609,https://m.media-amazon.com/images/M/MV5BMjM5YTRlZmUtZGVmYi00ZjE2LWIyNzAtOWVhMDk1MDdkYzhjXkEyXkFqcGdeQXVyMjMxOTE0ODA@._V1_.jpg,3158,5000,7.4,,329840,2021,,,Nobody,movie,Movie,,"[{'id': 'movie', 'text': 'Movie', 'value': 'movie'}]",False,False,False,,1588.0,US
tt7991608,False,True,Red Notice,rm2565534977,https://m.media-amazon.com/images/M/MV5BZmRjODgyMzEtMzIxYS00OWY2LTk4YjUtMGMzZjMzMTZiN2Q0XkEyXkFqcGdeQXVyMTkxNjUyNQ@@._V1_.jpg,1500,2222,6.3,,322390,2021,,,Red Notice,movie,Movie,,"[{'id': 'movie', 'text': 'Movie', 'value': 'movie'}]",False,False,False,,4554.0,US
tt11866324,False,True,Prey,rm4094888705,https://m.media-amazon.com/images/M/MV5BMDBlMDYxMDktOTUxMS00MjcxLWE2YjQtNjNhMjNmN2Y3ZDA1XkEyXkFqcGdeQXVyMTM1MTE1NDMx._V1_.jpg,2025,3000,7.1,,231236,2022,,,Prey,movie,Movie,,"[{'id': 'movie', 'text': 'Movie', 'value': 'movie'}]",False,False,False,,2181.0,US
tt8589698,False,True,Teenage Mutant Ninja Turtles: Mutant Mayhem,rm212476673,https://m.media-amazon.com/images/M/MV5BYzE4MTllZTktMTIyZS00Yzg1LTg1YzAtMWQwZTZkNjNkODNjXkEyXkFqcGdeQXVyMTUzMTg2ODkz._V1_.jpg,2025,3000,7.2,,67043,2023,,,Teenage Mutant Ninja Turtles: Mutant Mayhem,movie,Movie,,"[{'id': 'movie', 'text': 'Movie', 'value': 'movie'}]",False,False,False,,2026.0,US
tt5761544,False,True,Kandahar,rm487861761,https://m.media-amazon.com/images/M/MV5BMjNiNDg2OWYtOGEzNy00M2E5LTgxZjItNzVmN2VmNTg3MzBhXkEyXkFqcGdeQXVyMjkwOTAyMDU@._V1_.jpg,810,1200,6.1,,36002,2023,,,Kandahar,movie,Movie,,"[{'id': 'movie', 'text': 'Movie', 'value': 'movie'}]",False,False,False,,4811.0,US
tt1464335,False,True,Uncharted,rm180740097,https://m.media-amazon.com/images/M/MV5BMWEwNjhkYzYtNjgzYy00YTY2LThjYWYtYzViMGJkZTI4Y2MyXkEyXkFqcGdeQXVyNTM0OTY1OQ@@._V1_.jpg,675,1000,6.3,,264747,2022,,,Uncharted,movie,Movie,,"[{'id': 'movie', 'text': 'Movie', 'value': 'movie'}]",False,False,False,,4533.0,US
tt12818328,False,True,Hundreds of Beavers,rm406400513,https://m.media-amazon.com/images/M/MV5BNTk2NWQ4MzQtNGYyMS00NGUzLTk4MDAtNjc1ZTRjNTI3ZTc0XkEyXkFqcGdeQXVyNTU4NzAyNDg@._V1_.jpg,1214,1800,7.8,,4098,2022,,,Hundreds of Beavers,movie,Movie,,"[{'id': 'movie', 'text': 'Movie', 'value': 'movie'}]",False,False,False,,,US
tt7737786,False,True,Greenland,rm1879091969,https://m.media-amazon.com/images/M/MV5BMzcyMzU4MDUtM2JhOC00ZDg2LTg5MGMtZjc2OGMyMjhlMGE2XkEyXkFqcGdeQXVyMTkxNjUyNQ@@._V1_.jpg,2764,4095,6.4,,137104,2020,,,Greenland,movie,Movie,,"[{'id': 'movie', 'text': 'Movie', 'value': 'movie'}]",False,False,False,,4127.0,US
tt8244784,False,True,The Hunt,rm4188322305,https://m.media-amazon.com/images/M/MV5BNjg4MjRhZjgtNTIxOS00MmRjLTg4NTEtNjBkNzkwZjAxMjMyXkEyXkFqcGdeQXVyMTkxNjUyNQ@@._V1_.jpg,3158,5000,6.6,,130749,2020,,,The Hunt,movie,Movie,,"[{'id': 'movie', 'text': 'Movie', 'value': 'movie'}]",False,False,False,,3782.0,US
tt11358390,False,True,Renfield,rm442579969,https://m.media-amazon.com/images/M/MV5BNWFlY2RhZWYtYWNmYS00MmQyLThiYTctYmFmMDVhNjhlMTI3XkEyXkFqcGdeQXVyNTA3MTU2MjE@._V1_.jpg,1080,1350,6.4,,98768,2023,,,Renfield,movie,Movie,,"[{'id': 'movie', 'text': 'Movie', 'value': 'movie'}]",False,False,False,,4292.0,US
tt11456054,False,True,Run Hide Fight,rm3314079233,https://m.media-amazon.com/images/M/MV5BNTkyMzMxN2MtNjFjYS00MmRjLWJjMjctYzBlMGZiM2I1MmQ2XkEyXkFqcGdeQXVyNjIwNjI4NTA@._V1_.jpg,2000,2886,6.3,,27850,2020,,,Run Hide Fight,movie,Movie,,"[{'id': 'movie', 'text': 'Movie', 'value': 'movie'}]",False,False,False,,4334.0,US
tt0293429,False,True,Mortal Kombat,rm3223899137,https://m.media-amazon.com/images/M/MV5BY2ZlNWIxODMtN2YwZi00ZjNmLWIyN2UtZTFkYmZkNDQyNTAyXkEyXkFqcGdeQXVyODkzNTgxMDg@._V1_.jpg,2764,4096,6.0,,191979,2021,,,Mortal Kombat,movie,Movie,,"[{'id': 'movie', 'text': 'Movie', 'value': 'movie'}]",False,False,False,,5086.0,US
tt8936646,False,True,Extraction,rm2618735617,https://m.media-amazon.com/images/M/MV5BMDJiNzUwYzEtNmQ2Yy00NWE4LWEwNzctM2M0MjE0OGUxZTA3XkEyXkFqcGdeQXVyMTMxODk2OTU@._V1_.jpg,1500,2222,6.8,,266856,2020,,,Extraction,movie,Movie,,"[{'id': 'movie', 'text': 'Movie', 'value': 'movie'}]",False,False,False,,3182.0,US
tt3794354,False,True,Sonic the Hedgehog,rm1977949953,https://m.media-amazon.com/images/M/MV5BNTdmNmI4MzQtZTAzNS00MjhjLWEzOGQtZjI1NDNjZjk4N2JjXkEyXkFqcGdeQXVyMTM0NTUzNDIy._V1_.jpg,1080,1596,6.5,,161927,2020,,,Sonic the Hedgehog,movie,Movie,,"[{'id': 'movie', 'text': 'Movie', 'value': 'movie'}]",False,False,False,,4019.0,US
tt2463208,False,True,The Adam Project,rm2312247809,https://m.media-amazon.com/images/M/MV5BOWM0YWMwMDQtMjE5NS00ZTIwLWE1NWEtODViMWZjMWI2OTU3XkEyXkFqcGdeQXVyMTEyMjM2NDc2._V1_.jpg,1014,1500,6.7,,235016,2022,,,The Adam Project,movie,Movie,,"[{'id': 'movie', 'text': 'Movie', 'value': 'movie'}]",False,False,False,,3492.0,US
tt10275534,False,True,Misanthrope,rm524626689,https://m.media-amazon.com/images/M/MV5BNGMyZjM5YWUtMjVmMC00NmQ2LTgyMWEtNjYzZDFkYTIyMjFhXkEyXkFqcGdeQXVyMTAyMjQ3NzQ1._V1_.jpg,1382,2048,6.6,,41504,2023,,,To Catch a Killer,movie,Movie,,"[{'id': 'movie', 'text': 'Movie', 'value': 'movie'}]",False,False,False,,3528.0,US
tt5109280,False,True,Raya and the Last Dragon,rm2414269697,https://m.media-amazon.com/images/M/MV5BZWNiOTc4NGItNGY4YS00ZGNkLThkOWEtMDE2ODcxODEwNjkwXkEyXkFqcGdeQXVyMTkxNjUyNQ@@._V1_.jpg,1085,1608,7.3,,174133,2021,,,Raya and the Last Dragon,movie,Movie,,"[{'id': 'movie', 'text': 'Movie', 'value': 'movie'}]",False,False,False,,1814.0,US
tt6048922,False,True,Greyhound,rm3673926145,https://m.media-amazon.com/images/M/MV5BZTFkZjYxNWItZmE2MC00MGE4LWIxYTgtZmIzOWM1YmI2YWEzXkEyXkFqcGdeQXVyMDM2NDM2MQ@@._V1_.jpg,675,1010,7.0,,116725,2020,,,Greyhound,movie,Movie,,"[{'id': 'movie', 'text': 'Movie', 'value': 'movie'}]",False,False,False,,2530.0,US
tt7713068,False,True,Birds of Prey and the Fantabulous Emancipation of One Harley Quinn,rm453936897,https://m.media-amazon.com/images/M/MV5BMzQ3NTQxMjItODBjYi00YzUzLWE1NzQtZTBlY2Y2NjZlNzkyXkEyXkFqcGdeQXVyMTkxNjUyNQ@@._V1_.jpg,500,737,6.1,,267012,2020,,,Birds of Prey,movie,Movie,,"[{'id': 'movie', 'text': 'Movie', 'value': 'movie'}]",False,False,False,,5078.0,US
tt19500164,False,True,Nimona,rm4256057857,https://m.media-amazon.com/images/M/MV5BNDJkNzQzODQtM2Q0MC00MWE4LTlkMjMtNWZmZWQyMTYwZGRmXkEyXkFqcGdeQXVyMTY1MTAyOTk1._V1_.jpg,750,1125,7.5,,51102,2023,,,Nimona,movie,Movie,,"[{'id': 'movie', 'text': 'Movie', 'value': 'movie'}]",False,False,False,,1360.0,US
tt13314558,False,True,Day Shift,rm945031681,https://m.media-amazon.com/images/M/MV5BYWI2ZDRjYjEtOWJiOS00NWVjLWI1MjAtNWNiMzAwNGFmNjljXkEyXkFqcGdeQXVyODEwMTc2ODQ@._V1_.jpg,1500,2222,6.1,,91497,2022,,,Day Shift,movie,Movie,,"[{'id': 'movie', 'text': 'Movie', 'value': 'movie'}]",False,False,False,,4912.0,US
tt8629748,False,True,Spenser Confidential,rm630818561,https://m.media-amazon.com/images/M/MV5BMTdkOTEwYjMtNDA1YS00YzVlLTg0NWUtMmQzNDZhYWUxZmIyXkEyXkFqcGdeQXVyMTkxNjUyNQ@@._V1_.jpg,1500,2222,6.2,,98975,2020,,,Spenser Confidential,movie,Movie,,"[{'id': 'movie', 'text': 'Movie', 'value': 'movie'}]",False,False,False,,4629.0,US
tt5315210,False,True,Lou,rm287837953,https://m.media-amazon.com/images/M/MV5BYzdjMDViYTktM2QyZS00ZGNmLWFlMTctYTliZTUwMWM3YTMwXkEyXkFqcGdeQXVyMTE5MTg5NDIw._V1_.jpg,1500,2222,6.1,,34232,2022,,,Lou,movie,Movie,,"[{'id': 'movie', 'text': 'Movie', 'value': 'movie'}]",False,False,False,,4705.0,US
tt10298810,False,True,Lightyear,rm2340822017,https://m.media-amazon.com/images/M/MV5BYTg2Zjk0ZTctM2ZmMi00MDRmLWJjOGYtNWM0YjBmZTBjMjRkXkEyXkFqcGdeQXVyMTM1MTE1NDMx._V1_.jpg,4050,6000,6.1,,125660,2022,,,Lightyear,movie,Movie,,"[{'id': 'movie', 'text': 'Movie', 'value': 'movie'}]",False,False,False,,4763.0,US
tt20916568,False,True,The Wrath of Becky,rm4108856577,https://m.media-amazon.com/images/M/MV5BZDUzMDA1ZjctZjJkNi00YmRmLTk5NzctNjMwNTEzMjAwMTE3XkEyXkFqcGdeQXVyMzQwMTY2Nzk@._V1_.jpg,2025,2925,6.1,,13262,2023,,,The Wrath of Becky,movie,Movie,,"[{'id': 'movie', 'text': 'Movie', 'value': 'movie'}]",False,False,False,,,US
tt11145118,False,True,Creed III,rm1102520577,https://m.media-amazon.com/images/M/MV5BYzIxOTk1NDQtMzJlOC00ODZlLWE1YTAtNTA5ODZlZmZmMDBhXkEyXkFqcGdeQXVyMjkwOTAyMDU@._V1_.jpg,1944,2880,6.7,,94972,2023,,,Creed III,movie,Movie,,"[{'id': 'movie', 'text': 'Movie', 'value': 'movie'}]",False,False,False,,3298.0,US
tt12003946,False,True,Violent Night,rm1186005505,https://m.media-amazon.com/images/M/MV5BYzg2NWNhOWItYjA3Yi00MzhhLTg4ZmItYzM3ZTIwN2U0ZGQ5XkEyXkFqcGdeQXVyMzEyMDQzNzY@._V1_.jpg,1080,1350,6.7,,100770,2022,,,Violent Night,movie,Movie,,"[{'id': 'movie', 'text': 'Movie', 'value': 'movie'}]",False,False,False,,3406.0,US
tt12731980,False,True,Old Henry,rm1670771201,https://m.media-amazon.com/images/M/MV5BM2ViYWUzODctMGU2ZS00NzRjLThmOTAtYTUyOTE3OTFkYmI2XkEyXkFqcGdeQXVyNjc3MjE2MTY@._V1_.jpg,2700,4000,7.2,,37995,2021,,,Old Henry,movie,Movie,,"[{'id': 'movie', 'text': 'Movie', 'value': 'movie'}]",False,False,False,,1954.0,US
tt6246322,False,True,Don't Breathe 2,rm3397317377,https://m.media-amazon.com/images/M/MV5BNjgzMjQ4NjMtNzQ5OS00MzE4LWIxMmMtNjI0YjM1ZWZiN2U2XkEyXkFqcGdeQXVyODE5NzE3OTE@._V1_.jpg,1012,1500,6.0,,72788,2021,,,Don't Breathe 2,movie,Movie,,"[{'id': 'movie', 'text': 'Movie', 'value': 'movie'}]",False,False,False,,5082.0,US
tt7638348,False,True,Boss Level,rm1877199361,https://m.media-amazon.com/images/M/MV5BNTVkODdiMjAtNmQ5Yy00OThhLTg4MDItYTZlYTFmN2E0M2M1XkEyXkFqcGdeQXVyMTkxNjUyNQ@@._V1_.jpg,2025,3000,6.8,,80304,2020,,,Boss Level,movie,Movie,,"[{'id': 'movie', 'text': 'Movie', 'value': 'movie'}]",False,False,False,,3110.0,US
tt32308418,False,True,How to Rob a Bank,rm3857543169,https://m.media-amazon.com/images/M/MV5BMWIxOGYzY2UtMDhlYi00ZjM5LThmNDktNmIzNWNhMjc3MjE5XkEyXkFqcGc@._V1_.jpg,1080,1350,6.6,,2299,2024,,,How to Rob a Bank,movie,Movie,,"[{'id': 'movie', 'text': 'Movie', 'value': 'movie'}]",False,False,False,,,US
tt3513500,False,True,Chip 'n Dale: Rescue Rangers,rm3687062785,https://m.media-amazon.com/images/M/MV5BZjBlMjIxN2ItNTMyNi00NDk5LWFhMzEtNzdiODE0Y2M4MWI2XkEyXkFqcGdeQXVyMTM1MTE1NDMx._V1_.jpg,2806,4088,7.0,,47501,2022,,,Chip 'n Dale: Rescue Rangers,movie,Movie,,"[{'id': 'movie', 'text': 'Movie', 'value': 'movie'}]",False,False,False,,2680.0,US
tt8912936,False,True,DC League of Super-Pets,rm3448048641,https://m.media-amazon.com/images/M/MV5BZTIyNzc3NzMtNGE5YS00Yjg5LTk5MDMtOTUxMzk1ZTBkOTgwXkEyXkFqcGdeQXVyODE5NzE3OTE@._V1_.jpg,2785,4096,7.1,,76409,2022,,,DC League of Super-Pets,movie,Movie,,"[{'id': 'movie', 'text': 'Movie', 'value': 'movie'}]",False,False,False,,3146.0,US
tt9288046,False,True,The Sea Beast,rm3043235329,https://m.media-amazon.com/images/M/MV5BODkyYTRlMDItMDlhMC00MzkzLWI3NzQtOGVlMjdjYThlNDM3XkEyXkFqcGdeQXVyMTA1OTcyNDQ4._V1_.jpg,1013,1500,7.0,,59155,2022,,,The Sea Beast,movie,Movie,,"[{'id': 'movie', 'text': 'Movie', 'value': 'movie'}]",False,False,False,,2475.0,US
tt9139586,False,True,Arkansas,rm128495617,https://m.media-amazon.com/images/M/MV5BZDFkNTUzMzgtODU5Ny00MWZiLWE2YzQtMjM1NGY0ZWQ3M2YxXkEyXkFqcGdeQXVyNzg5MzIyOA@@._V1_.jpg,8100,11997,6.0,,15663,2020,,,Arkansas,movie,Movie,,"[{'id': 'movie', 'text': 'Movie', 'value': 'movie'}]",False,False,False,,,US
tt7737528,False,True,Kate,rm593231617,https://m.media-amazon.com/images/M/MV5BN2IyYzI4YmQtNzBmMi00Mjg3LWI4NTMtNmZjNjk3YjIwZmJhXkEyXkFqcGdeQXVyMTkxNjUyNQ@@._V1_.jpg,1500,2222,6.2,,71328,2021,,,Kate,movie,Movie,,"[{'id': 'movie', 'text': 'Movie', 'value': 'movie'}]",False,False,False,,4563.0,US
tt6878306,False,True,News of the World,rm1121572353,https://m.media-amazon.com/images/M/MV5BMDNlNmVlNDItMjE3Yi00ZTA3LWIyOTktNDhhMGFlZjk5ZDQ0XkEyXkFqcGdeQXVyMDM2NDM2MQ@@._V1_.jpg,1500,2222,6.8,,96309,2020,,,News of the World,movie,Movie,,"[{'id': 'movie', 'text': 'Movie', 'value': 'movie'}]",False,False,False,,2991.0,US
tt5748448,False,True,Copshop,rm2083651329,https://m.media-amazon.com/images/M/MV5BMTZjZWYzYjMtMmNlYi00MTdkLWI4OTMtMmVhM2QzZjZiZTZiXkEyXkFqcGdeQXVyNjY1MTg4Mzc@._V1_.jpg,1944,2880,6.2,,39748,2021,,,Copshop,movie,Movie,,"[{'id': 'movie', 'text': 'Movie', 'value': 'movie'}]",False,False,False,,4551.0,US
tt7550000,False,True,Project Power,rm4218138113,https://m.media-amazon.com/images/M/MV5BYzBhOWU4ODAtZDYzYi00NDU1LWIzZWUtNDZmMDgxODljZTVmXkEyXkFqcGdeQXVyMTAwMzM3NDI3._V1_.jpg,810,1200,6.0,,98556,2020,,,Project Power,movie,Movie,,"[{'id': 'movie', 'text': 'Movie', 'value': 'movie'}]",False,False,False,,5108.0,US
tt10314450,False,True,Becky,rm962767105,https://m.media-amazon.com/images/M/MV5BYTlhYThkYjItZDdmYi00ZGRhLTg1OTAtMDRhZTM5ZWI5NGZiXkEyXkFqcGdeQXVyMjA0MDk5Mzg@._V1_.jpg,4500,6750,6.0,,25403,2020,,,Becky,movie,Movie,,"[{'id': 'movie', 'text': 'Movie', 'value': 'movie'}]",False,False,False,,,US
tt14416430,False,True,Paradox Effect,rm1217154305,https://m.media-amazon.com/images/M/MV5BY2RhYWY1NTItZDE4MS00MjQ4LWI2YzUtMzkxODYyMDkwZDRiXkEyXkFqcGdeQXVyNDg3NDQyODA@._V1_.jpg,2400,3429,6.4,,3150,2023,,,Paradox Effect,movie,Movie,,"[{'id': 'movie', 'text': 'Movie', 'value': 'movie'}]",False,False,False,,,US
tt7575046,False,True,Riddle of Fire,rm596139009,https://m.media-amazon.com/images/M/MV5BODM4YjlmOGYtZDBmZS00ODdkLWJkNGUtZmQyZGI4MWUzYjQzXkEyXkFqcGdeQXVyMzk3NzU1Mzg@._V1_.jpg,2674,3960,6.6,,1232,2023,,,Riddle of Fire,movie,Movie,,"[{'id': 'movie', 'text': 'Movie', 'value': 'movie'}]",False,False,False,,,US
tt1838556,False,True,Honest Thief,rm2862918657,https://m.media-amazon.com/images/M/MV5BZjEwNjYyMTMtODc5Yi00NTg5LTkwMzAtZTkyOTcyNTFkMGIyXkEyXkFqcGdeQXVyMDA4NzMyOA@@._V1_.jpg,8100,12000,6.0,,58340,2020,,,Honest Thief,movie,Movie,,"[{'id': 'movie', 'text': 'Movie', 'value': 'movie'}]",False,False,False,,5017.0,US
tt14324650,False,True,"Batman: The Long Halloween, Part One",rm3986351361,https://m.media-amazon.com/images/M/MV5BNDBkYTJjZjgtNDlhNi00ZTE1LWI2NmYtMDBjMDUzOWMwNzQwXkEyXkFqcGdeQXVyMTEyNzgwMDUw._V1_.jpg,1284,1918,7.2,,20317,2021,,,"Batman: The Long Halloween, Part One",movie,Movie,,"[{'id': 'movie', 'text': 'Movie', 'value': 'movie'}]",False,False,False,,,US
tt5012504,False,True,Injustice,rm3688821505,https://m.media-amazon.com/images/M/MV5BYzA3ZmI1NzMtMTcxMi00ODg4LWFhMGItMTE2ZjIxODUzZTFiXkEyXkFqcGdeQXVyMTA1NzAwODMz._V1_.jpg,1200,1800,6.4,,16340,2021,,,Injustice,movie,Movie,,"[{'id': 'movie', 'text': 'Movie', 'value': 'movie'}]",False,False,False,,,US
tt11466222,False,True,Jackass Forever,rm504428801,https://m.media-amazon.com/images/M/MV5BNTdmMDNmYmItOWFmNC00YzdkLWIyZWMtMGRlMTQyZDZmNDU0XkEyXkFqcGdeQXVyMTkxNjUyNQ@@._V1_.jpg,1010,1500,6.8,,52266,2022,,,Jackass Forever,movie,Movie,,"[{'id': 'movie', 'text': 'Movie', 'value': 'movie'}]",False,False,False,,,US
tt21440780,False,True,How to Blow Up a Pipeline,rm3954845697,https://m.media-amazon.com/images/M/MV5BYmQyOGQxMGQtNzVjMy00ZmQ2LTg5NzAtZTNkNDMzODkyZDgzXkEyXkFqcGdeQXVyMTA2MDU0NjM5._V1_.jpg,1078,1602,6.9,,10543,2022,,,How to Blow Up a Pipeline,movie,Movie,,"[{'id': 'movie', 'text': 'Movie', 'value': 'movie'}]",False,False,False,,,US
tt12851396,False,True,Trollhunters: Rise of the Titans,rm3320510977,https://m.media-amazon.com/images/M/MV5BZjFkODAxZjEtMTYzMy00NzNmLWJhNjItOWFmNmY1NThjYzgwXkEyXkFqcGdeQXVyMTEyMjM2NDc2._V1_.jpg,1013,1500,6.6,,6150,2021,,,Trollhunters: Rise of the Titans,movie,Movie,,"[{'id': 'movie', 'text': 'Movie', 'value': 'movie'}]",False,False,False,,,US
tt20192230,False,True,Green Lantern: Beware My Power,rm1328025857,https://m.media-amazon.com/images/M/MV5BNzI4NWRiYjUtYjQ3Ni00YWUyLTg4YzUtOTk3OTViNzNiYjYyXkEyXkFqcGdeQXVyMTEyNzgwMDUw._V1_.jpg,1284,1911,6.2,,5106,2022,,,Green Lantern: Beware My Power,movie,Movie,,"[{'id': 'movie', 'text': 'Movie', 'value': 'movie'}]",False,False,False,,,US
tt9784708,False,True,Rise of the Teenage Mutant Ninja Turtles,rm1202522625,https://m.media-amazon.com/images/M/MV5BZmIxYmFlNjQtYmU0NC00MWMzLTkyYTktYTBjZmE5NDRlODEyXkEyXkFqcGdeQXVyMTEzMTI1Mjk3._V1_.jpg,1080,1080,6.2,,7140,2022,,,Rise of the Teenage Mutant Ninja Turtles: The Movie,movie,Movie,,"[{'id': 'movie', 'text': 'Movie', 'value': 'movie'}]",False,False,False,,,US
tt13804084,False,True,Justice Society: World War II,rm3171079169,https://m.media-amazon.com/images/M/MV5BMjQ4Njk5ODMtNjZhMC00OTRjLTg3NzktYjViNmE1ZWE5MzhlXkEyXkFqcGdeQXVyMTEyNzgwMDUw._V1_.jpg,971,1441,6.4,,9335,2021,,,Justice Society: World War II,movie,Movie,,"[{'id': 'movie', 'text': 'Movie', 'value': 'movie'}]",False,False,False,,,US
tt14402926,False,True,"Batman: The Long Halloween, Part Two",rm2266547713,https://m.media-amazon.com/images/M/MV5BOThjY2UzNDUtYWMzZC00MjJlLThmZTktZTY5ZjI1N2FiYTU5XkEyXkFqcGdeQXVyMTAwMjYyMjQ2._V1_.jpg,1069,1538,7.2,,17101,2021,,,"Batman: The Long Halloween, Part Two",movie,Movie,,"[{'id': 'movie', 'text': 'Movie', 'value': 'movie'}]",False,False,False,,,US
tt8851668,False,True,The Lovebirds,rm1434433281,https://m.media-amazon.com/images/M/MV5BNzU1ZTE4YzAtOWNkYi00YWE4LThmY2YtMDNlYzU2ZTgxYTc2XkEyXkFqcGdeQXVyODQzNTE3ODc@._V1_.jpg,660,979,6.1,,27906,2020,,,The Lovebirds,movie,Movie,,"[{'id': 'movie', 'text': 'Movie', 'value': 'movie'}]",False,False,False,,4810.0,US
tt9580138,False,True,Mortal Kombat Legends: Scorpion's Revenge,rm1675540993,https://m.media-amazon.com/images/M/MV5BNzY3YTUwYTQtNjkwNy00OTAyLWE0OWEtYmE3MGIyOWZkODY1XkEyXkFqcGdeQXVyMjkyNzYwMTc@._V1_.jpg,1080,1600,7.4,,19722,2020,,,Mortal Kombat Legends: Scorpion's Revenge,movie,Movie,,"[{'id': 'movie', 'text': 'Movie', 'value': 'movie'}]",False,False,False,,,US
tt10661710,False,True,Born a Champion,rm4259110657,https://m.media-amazon.com/images/M/MV5BZjRhOGYxNjMtNmRkMi00OWRlLTlkZjgtYWE3NzVkYTllZGQ1XkEyXkFqcGdeQXVyMDA4NzMyOA@@._V1_.jpg,2764,4096,6.8,,4756,2021,,,Born a Champion,movie,Movie,,"[{'id': 'movie', 'text': 'Movie', 'value': 'movie'}]",False,False,False,,,US
tt21477618,False,True,Mortal Kombat Legends: Snow Blind,rm2249523457,https://m.media-amazon.com/images/M/MV5BNGFjZmY0OTAtYmNiNy00YzIzLWFlMjgtYWQwOWYyMzkyODI5XkEyXkFqcGdeQXVyMTEzODQxNzQ1._V1_.jpg,2000,3000,6.7,,3818,2022,,,Mortal Kombat Legends: Snow Blind,movie,Movie,,"[{'id': 'movie', 'text': 'Movie', 'value': 'movie'}]",False,False,False,,,US
tt6060444,False,True,The Paper Tigers,rm4151889409,https://m.media-amazon.com/images/M/MV5BMDE0NDM0N2EtZDE5MS00Mzk0LWE5MWMtMjliODJkOTI4Y2FkXkEyXkFqcGdeQXVyMTkxNjUyNQ@@._V1_.jpg,2764,4096,6.3,,5362,2020,,,The Paper Tigers,movie,Movie,,"[{'id': 'movie', 'text': 'Movie', 'value': 'movie'}]",False,False,False,,,US
tt14901058,False,True,Mortal Kombat Legends: Battle of the Realms,rm2342516737,https://m.media-amazon.com/images/M/MV5BMDU0ZDkwMzktZDA0MC00MTc5LWE1MzEtYzg2MTU5ZWE4MTU1XkEyXkFqcGdeQXVyMTY5Nzc4MDY@._V1_.jpg,1498,1729,6.5,,8345,2021,,,Mortal Kombat Legends: Battle of the Realms,movie,Movie,,"[{'id': 'movie', 'text': 'Movie', 'value': 'movie'}]",False,False,False,,,US
tt12885852,False,True,Batman: Soul of the Dragon,rm1836391681,https://m.media-amazon.com/images/M/MV5BYmQ4YjZlZjAtYzljOS00ZjViLWE1NGYtMzlmZDZjZTcxYzRiXkEyXkFqcGdeQXVyMTEyNzgwMDUw._V1_.jpg,1269,1904,6.1,,7476,2021,,,Batman: Soul of the Dragon,movie,Movie,,"[{'id': 'movie', 'text': 'Movie', 'value': 'movie'}]",False,False,False,,,US
tt14219522,False,True,Dying Is Easy,rm4243901953,https://m.media-amazon.com/images/M/MV5BYmUwYjU5MTgtZTg3Mi00NzVmLThmMjktMTY4OTkwMjk2YzY1XkEyXkFqcGdeQXVyNjMxOTE5MTM@._V1_.jpg,1998,2960,7.3,,1048,2021,,,Dying Is Easy,short,Short,Short,"[{'id': 'movie', 'text': 'Movie', 'value': 'movie'}]",False,False,False,,,US
tt6539992,False,True,Embattled,rm3474053633,https://m.media-amazon.com/images/M/MV5BOGFlYzEyZjUtZmM4Zi00ZGJjLWFjYTUtN2FhNDcwMDVkOTlmXkEyXkFqcGdeQXVyMTE1MzI2NzIz._V1_.jpg,254,377,6.5,,3761,2020,,,Embattled,movie,Movie,,"[{'id': 'movie', 'text': 'Movie', 'value': 'movie'}]",False,False,False,,,US
tt13622118,False,True,Cryptozoo,rm2806631425,https://m.media-amazon.com/images/M/MV5BYjM2ODIxMzMtYzE2NS00Njg3LTliYTYtYjRjZGMwZTQ0YzkwXkEyXkFqcGdeQXVyNjczMzgwMDg@._V1_.jpg,1000,1416,6.4,,2179,2021,,,Cryptozoo,movie,Movie,,"[{'id': 'movie', 'text': 'Movie', 'value': 'movie'}]",False,False,False,,,US
tt14957270,False,True,"The Good, the Bart, and the Loki",rm2537290497,https://m.media-amazon.com/images/M/MV5BOTI1NTM0NmYtNzZmMy00ZWJkLTliNDUtZmExMjRlY2ViNmM3XkEyXkFqcGdeQXVyMjMxOTcxOTI@._V1_.jpg,1920,2400,6.1,,4281,2021,,,"The Good, the Bart, and the Loki",short,Short,Short,"[{'id': 'movie', 'text': 'Movie', 'value': 'movie'}]",False,False,False,,,US
tt12876132,False,True,Deathstroke Knights & Dragons: The Movie,rm2409800193,https://m.media-amazon.com/images/M/MV5BMWQ4MzUyZDQtNmY0OC00ZjUyLTljZDMtYTYwM2U1ZjE3MTE3XkEyXkFqcGdeQXVyNDU4NzA4NDk@._V1_.jpg,640,960,6.3,,4259,2020,,,Deathstroke: Knights & Dragons - The Movie,movie,Movie,,"[{'id': 'movie', 'text': 'Movie', 'value': 'movie'}]",False,False,False,,,US
tt11348164,False,True,Iké Boys,rm1027207169,https://m.media-amazon.com/images/M/MV5BMTUwZWFkNGQtNmNlMi00ZWE5LWEzMWQtMjczZmY5NWQwNmM3XkEyXkFqcGdeQXVyMzQwMTY2Nzk@._V1_.jpg,3612,5400,6.3,,3332,2021,,,Iké Boys,movie,Movie,,"[{'id': 'movie', 'text': 'Movie', 'value': 'movie'}]",False,False,False,,,US
tt14577038,False,True,DC Showcase: Kamandi: The Last Boy on Earth!,rm3945185281,https://m.media-amazon.com/images/M/MV5BMWI5MWI3NjktZjQyOC00MDJkLTg1NDctNGVjMjQwYzkzMjVhXkEyXkFqcGdeQXVyNTAxMzQxMDE@._V1_.jpg,500,750,6.5,,1055,2021,,,DC Showcase: Kamandi: The Last Boy on Earth!,short,Short,Short,"[{'id': 'movie', 'text': 'Movie', 'value': 'movie'}]",False,False,False,,,US
tt12272414,False,True,DC Showcase: Adam Strange,rm2302984193,https://m.media-amazon.com/images/M/MV5BNTJlOWQyZmUtZThmMy00MGVmLThhM2UtNjFlNWIzZDBmYTA5XkEyXkFqcGdeQXVyNTAxMzQxMDE@._V1_.jpg,1280,1920,6.3,,1457,2020,,,DC Showcase: Adam Strange,short,Short,Short,"[{'id': 'movie', 'text': 'Movie', 'value': 'movie'}]",False,False,False,,,US
tt9854058,False,True,Shadows,rm235069441,https://m.media-amazon.com/images/M/MV5BMmFjMTkwYjItOWJmZi00NzgyLTllYjktZmU0ZmVmYjg5ZWFkXkEyXkFqcGdeQXVyNDAzNjgzNw@@._V1_.jpg,4028,5740,6.1,,1011,2022,,,Shadows,movie,Movie,,"[{'id': 'movie', 'text': 'Movie', 'value': 'movie'}]",False,False,False,,,US
tt13073252,False,True,O Sequestro do Voo 375,rm2554617601,https://m.media-amazon.com/images/M/MV5BY2VjMTczNzMtY2MzNy00NzdkLWIzOWUtMzk4ZWI4MWRkZmQyXkEyXkFqcGdeQXVyNDIwNDUwMw@@._V1_.jpg,905,1280,7.3,,1271,2023,,,The Hijacking of Flight 375,movie,Movie,,"[{'id': 'movie', 'text': 'Movie', 'value': 'movie'}]",False,False,False,,,BR
tt14111726,False,True,Cabras da Peste,rm4250913537,https://m.media-amazon.com/images/M/MV5BYzRmOTYyZDgtZWJmMy00OTI1LWExMjgtZjRmYTJiNzgwMGIwXkEyXkFqcGdeQXVyNjEwNTM2Mzc@._V1_.jpg,819,1024,6.1,,2044,2021,,,Cabras da Peste,movie,Movie,,"[{'id': 'movie', 'text': 'Movie', 'value': 'movie'}]",False,False,False,,,BR
tt2222042,False,True,Love and Monsters,rm2226627585,https://m.media-amazon.com/images/M/MV5BYWVkMWEyMDUtZTVmOC00MTYxLWE1ZTUtNjk4M2IzMjY2OTIxXkEyXkFqcGdeQXVyMDk5Mzc5MQ@@._V1_.jpg,2000,3000,6.9,,147174,2020,,,Love and Monsters,movie,Movie,,"[{'id': 'movie', 'text': 'Movie', 'value': 'movie'}]",False,False,False,,2716.0,CA
tt11832046,False,True,PAW Patrol: The Movie,rm1494309633,https://m.media-amazon.com/images/M/MV5BZDM0ZDM5M2YtNGViMC00NTgyLWJlYTMtYWM4YTQxYmExOTc2XkEyXkFqcGdeQXVyODUwNjEzMzg@._V1_.jpg,1290,1810,6.1,,8520,2021,,,PAW Patrol: The Movie,movie,Movie,,"[{'id': 'movie', 'text': 'Movie', 'value': 'movie'}]",False,False,False,,,CA
tt7149730,False,True,The Silencing,rm1143253761,https://m.media-amazon.com/images/M/MV5BYjE2MjIwMmYtM2ZiMy00MzdmLTkyNTYtNmFiNjM5MDJhMGVmXkEyXkFqcGdeQXVyODk4OTc3MTY@._V1_.jpg,2025,3000,6.3,,35012,2020,,,The Silencing,movie,Movie,,"[{'id': 'movie', 'text': 'Movie', 'value': 'movie'}]",False,False,False,,4414.0,CA
tt3215824,False,True,Those Who Wish Me Dead,rm2639249921,https://m.media-amazon.com/images/M/MV5BMDAxMmQ0NTAtNDllNC00ZjE2LTlkNjUtMmExNmY0MmNkMDQ0XkEyXkFqcGdeQXVyNzYyOTM1ODI@._V1_.jpg,1242,1839,6.0,,73409,2021,,,Those Who Wish Me Dead,movie,Movie,,"[{'id': 'movie', 'text': 'Movie', 'value': 'movie'}]",False,False,False,,5070.0,CA
tt10307440,False,True,Jusqu'au déclin,rm3624517377,https://m.media-amazon.com/images/M/MV5BMDYxNjk5YTYtZWMzNy00YWQzLTk1NTUtODRhOGNhYWY4MGE1XkEyXkFqcGdeQXVyMTMxODk2OTU@._V1_.jpg,426,597,6.0,,9946,2020,,,The Decline,movie,Movie,,"[{'id': 'movie', 'text': 'Movie', 'value': 'movie'}]",False,False,False,,,CA
tt10648342,False,True,Thor: Love and Thunder,rm3968995329,https://m.media-amazon.com/images/M/MV5BYmMxZWRiMTgtZjM0Ny00NDQxLWIxYWQtZDdlNDNkOTEzYTdlXkEyXkFqcGdeQXVyMTkxNjUyNQ@@._V1_.jpg,1688,2500,6.2,,408041,2022,,,Thor: Love and Thunder,movie,Movie,,"[{'id': 'movie', 'text': 'Movie', 'value': 'movie'}]",False,False,False,,4784.0,AU
tt9286908,False,True,High Ground,rm2904022785,https://m.media-amazon.com/images/M/MV5BM2NmOWI0NTktNDZkMS00ZDlkLTgxOGUtMjU4NWEwODg5MTNlXkEyXkFqcGdeQXVyMTUzMzU4Nw@@._V1_.jpg,714,1000,6.5,,2593,2020,,,High Ground,movie,Movie,,"[{'id': 'movie', 'text': 'Movie', 'value': 'movie'}]",False,False,False,,,AU
tt9772374,False,True,Bloody Hell,rm926537473,https://m.media-amazon.com/images/M/MV5BZjk4MDBmMTAtODFkOS00NWE3LWI4ZTktMjY0OWU1ODM4MWVmXkEyXkFqcGdeQXVyMTkxNjUyNQ@@._V1_.jpg,1000,1500,6.6,,10741,2020,,,Bloody Hell,movie,Movie,,"[{'id': 'movie', 'text': 'Movie', 'value': 'movie'}]",False,False,False,,,AU
tt10508258,False,True,Krasnyy prizrak,rm3772905473,https://m.media-amazon.com/images/M/MV5BNDJjZGVmN2UtMGJkYi00YTU4LThhZTgtOWNkYWI0NmU3MjM1XkEyXkFqcGdeQXVyMjI4MjA3NDY@._V1_.jpg,3494,4961,6.1,,2268,2020,,,The Red Ghost,movie,Movie,,"[{'id': 'movie', 'text': 'Movie', 'value': 'movie'}]",False,False,False,,,RU
tt11890562,False,True,Concrete shark,rm2075078401,https://m.media-amazon.com/images/M/MV5BMDQwNmJmMDUtMDRhMy00YWNjLTk3NDEtYzg2Y2FjMjFhMjA5XkEyXkFqcGdeQXVyNDcwNDE0Nzk@._V1_.jpg,2000,3000,6.6,,1107,2020,,,Concrete shark,movie,Movie,,"[{'id': 'movie', 'text': 'Movie', 'value': 'movie'}]",False,False,False,,,RU
tt30395619,False,True,"Kimetsu no Yaiba: Kizuna no Kiseki, Soshite Hashira Geiko e",rm2705869569,https://m.media-amazon.com/images/M/MV5BNWFkNzI5NDQtY2QyZS00NGE2LWJiNDEtMTI5ZTFmNDE0ZjcwXkEyXkFqcGdeQXVyNjk1NzU1Mjk@._V1_.jpg,1450,2048,6.9,,6212,2024,,,Demon Slayer: Kimetsu No Yaiba - To the Hashira Training,movie,Movie,,"[{'id': 'movie', 'text': 'Movie', 'value': 'movie'}]",False,False,False,,,JP
tt9471678,False,True,Ultraman: Rising,rm1485339905,https://m.media-amazon.com/images/M/MV5BNDE2NzQ5N2YtMTlkNy00ODI2LWEyZDctODY4OTgxMWMxYmE2XkEyXkFqcGdeQXVyMTEzMTI1Mjk3._V1_.jpg,1383,2048,6.9,,4246,2024,,,Ultraman: Rising,movie,Movie,,"[{'id': 'movie', 'text': 'Movie', 'value': 'movie'}]",False,False,False,,,JP
tt11032374,False,True,Gekijôban Kimetsu no yaiba: Mugen Ressha hen,rm1002942977,https://m.media-amazon.com/images/M/MV5BODI2NjdlYWItMTE1ZC00YzI2LTlhZGQtNzE3NzA4MWM0ODYzXkEyXkFqcGdeQXVyNjU1OTg4OTM@._V1_.jpg,1500,2250,8.2,,75506,2020,,,Demon Slayer: Kimetsu no Yaiba - The Movie: Mugen Train,movie,Movie,,"[{'id': 'movie', 'text': 'Movie', 'value': 'movie'}]",False,False,False,,254.0,JP
tt14331144,False,True,Gekijouban Jujutsu Kaisen 0,rm212408321,https://m.media-amazon.com/images/M/MV5BODM0NmVjMzUtOTJhNi00N2ZhLWFkYmMtYmZmNjRiY2M1YWY4XkEyXkFqcGdeQXVyOTgxOTA5MDg@._V1_.jpg,1064,1596,7.8,,40729,2021,,,Jujutsu Kaisen 0,movie,Movie,,"[{'id': 'movie', 'text': 'Movie', 'value': 'movie'}]",False,False,False,,863.0,JP
tt26537229,False,True,Kimetsu no Yaiba: Katanakaji no Sato-hen,rm1600075521,https://m.media-amazon.com/images/M/MV5BZDZiZTZhMzgtYTY0ZC00OGUyLWE2NzgtMmM4MjA1YjUxN2YyXkEyXkFqcGdeQXVyMTA3MDk2NDg2._V1_.jpg,638,960,7.5,,12313,2023,,,Demon Slayer: Kimetsu No Yaiba - To the Swordsmith Village,movie,Movie,,"[{'id': 'movie', 'text': 'Movie', 'value': 'movie'}]",False,False,False,,,JP
tt24478470,False,True,Shiti Hanta,rm2467855105,https://m.media-amazon.com/images/M/MV5BNWMyMmY5YjItMDIwNS00MWVjLWFlMDgtYWMwNTRiMjk0NzVjXkEyXkFqcGdeQXVyMTEzMTI1Mjk3._V1_.jpg,1200,1778,6.3,,4317,2024,,,City Hunter,movie,Movie,,"[{'id': 'movie', 'text': 'Movie', 'value': 'movie'}]",False,False,False,,,JP
tt16183464,False,True,One Piece Film: Red,rm3101426945,https://m.media-amazon.com/images/M/MV5BODY4OWM5M2UtM2Y1Yi00YjAyLTlhMDktMDkzZjFmMjI5MmI5XkEyXkFqcGdeQXVyMTA1NjQyNjkw._V1_.jpg,3949,5603,6.8,,23062,2022,,,One Piece Film: Red,movie,Movie,,"[{'id': 'movie', 'text': 'Movie', 'value': 'movie'}]",False,False,False,,,JP
tt26684398,False,True,Gekijôban Spy x Family Code: White,rm3934082817,https://m.media-amazon.com/images/M/MV5BMjU5YzU4YmMtNGM2Mi00ZThkLTljMGItYjhmYmQ1NjhhNjc5XkEyXkFqcGdeQXVyMTEzMTI1Mjk3._V1_.jpg,1531,2048,7.4,,3082,2023,,,Spy x Family Code: White,movie,Movie,,"[{'id': 'movie', 'text': 'Movie', 'value': 'movie'}]",False,False,False,,,JP
tt22868844,False,True,Burakku Kurôbâ: Mahôtei no Ken,rm2645699329,https://m.media-amazon.com/images/M/MV5BMjU0MWMzNTctMjM5MC00MmVhLWIzZjQtYzk3OGRiYjQ2NDk2XkEyXkFqcGdeQXVyMTEzMTI1Mjk3._V1_.jpg,1500,2222,7.4,,7971,2023,,,Black Clover: Sword of the Wizard King,movie,Movie,,"[{'id': 'movie', 'text': 'Movie', 'value': 'movie'}]",False,False,False,,,JP
tt14614892,False,True,Doragon Bôru Sûpâ Sûpâ Hîrô,rm1841174273,https://m.media-amazon.com/images/M/MV5BZmFjNzkwOGYtMzBlYS00NmI4LWIwOTAtMDhhMjY4ZDkwNzI0XkEyXkFqcGdeQXVyODUyNjMyOTE@._V1_.jpg,700,1034,7.1,,15286,2022,,,Dragon Ball Super: Super Hero,movie,Movie,,"[{'id': 'movie', 'text': 'Movie', 'value': 'movie'}]",False,False,False,,,JP
tt16492678,False,True,Kimetsu no Yaiba: Tsuzumi Yashiki-hen,rm3348462849,https://m.media-amazon.com/images/M/MV5BODQyMTI4MTEtYWVjYy00NTM3LWFhYmUtZDNlZDVlZDAzY2M1XkEyXkFqcGdeQXVyMjU0ODQ5NTA@._V1_.jpg,600,900,8.8,,25251,2021,,,Demon Slayer: Kimetsu no Yaiba - Tsuzumi Mansion Arc,movie,Movie,,"[{'id': 'movie', 'text': 'Movie', 'value': 'movie'}]",False,False,False,,,JP
tt13544716,False,True,Boku no Hîrô Akademia za Mûbî Wârudo Hîrôzu Misshon,rm3404121345,https://m.media-amazon.com/images/M/MV5BNDQ3MTMyNTktZWM0YS00MTQ3LWEwYTItYmViYjZmYmFlOGI3XkEyXkFqcGdeQXVyNDYzNDg2MTM@._V1_.jpg,1131,1600,7.1,,5751,2021,,,My Hero Academia: World Heroes' Mission,movie,Movie,,"[{'id': 'movie', 'text': 'Movie', 'value': 'movie'}]",False,False,False,,,JP
tt10737918,False,True,Shin Ultraman,rm2279544833,https://m.media-amazon.com/images/M/MV5BNTIyNDAzMGQtYmQ0YS00OWE2LWJjZjgtY2M3NmU4YmYxMDQ5XkEyXkFqcGdeQXVyMTEzMTI1Mjk3._V1_.jpg,1000,1414,6.4,,3934,2022,,,Shin Ultraman,movie,Movie,,"[{'id': 'movie', 'text': 'Movie', 'value': 'movie'}]",False,False,False,,,JP
tt15028452,False,True,Beibî warukyûre,rm2529000705,https://m.media-amazon.com/images/M/MV5BMmU2MDMxNjMtMjI0YS00ZjFlLTk4MTAtMGFlYzNmMjg0YmYzXkEyXkFqcGdeQXVyMzgxODM4NjM@._V1_.jpg,1500,2251,6.4,,1240,2021,,,Baby Assassins,movie,Movie,,"[{'id': 'movie', 'text': 'Movie', 'value': 'movie'}]",False,False,False,,,JP
tt16360006,False,True,Baburu,rm3716823809,https://m.media-amazon.com/images/M/MV5BYmIxODliYmItNmU2OS00NzU2LTkwZWMtZTc4ZDRmOGRhYWI3XkEyXkFqcGdeQXVyNTgyNTA4MjM@._V1_.jpg,984,1476,6.4,,8192,2022,,,Bubble,movie,Movie,,"[{'id': 'movie', 'text': 'Movie', 'value': 'movie'}]",False,False,False,,,JP
tt15467380,False,True,Gekijôban Tensei shitara slime datta ken,rm1261780481,https://m.media-amazon.com/images/M/MV5BZDk1NGNmNWItYWJmZi00N2NhLTgwNDUtNDczZjM0NjczMmUzXkEyXkFqcGdeQXVyNjM0MTI4Mw@@._V1_.jpg,1125,1689,6.8,,1949,2022,,,That Time I Got Reincarnated as a Slime the Movie: Scarlet Bond,movie,Movie,,"[{'id': 'movie', 'text': 'Movie', 'value': 'movie'}]",False,False,False,,,JP
tt16492636,False,True,Kimetsu no Yaiba: Asakusa-hen,rm1886157569,https://m.media-amazon.com/images/M/MV5BYWUxNDYxOTktMGVmNC00ZWRlLThkMjktOTY3YTY1NzQxZjI3XkEyXkFqcGdeQXVyNjg1MjAwNTQ@._V1_.jpg,1000,1414,8.6,,3992,2021,,,Demon Slayer: Kimetsu no Yaiba - Asakusa Arc,movie,Movie,,"[{'id': 'movie', 'text': 'Movie', 'value': 'movie'}]",False,False,False,,,JP
tt27521477,False,True,Meitantei Konan Kurogane no Sabumarin,rm2175020545,https://m.media-amazon.com/images/M/MV5BNDhhM2IwYWMtN2ExYy00ZDhhLTg2MmQtZjhmNmQxMWM3ZTg3XkEyXkFqcGdeQXVyNzEyMDQ1MDA@._V1_.jpg,1446,2048,7.2,,2071,2023,,,Detective Conan: Black Iron Submarine,movie,Movie,,"[{'id': 'movie', 'text': 'Movie', 'value': 'movie'}]",False,False,False,,,JP
tt11923304,False,True,Tokyo Revengers,rm857204993,https://m.media-amazon.com/images/M/MV5BYmE4NTY3MDUtNTc3Mi00ODQ2LTljZGQtZThiNjhlZmI4OTcyXkEyXkFqcGdeQXVyMTA5NzUzODM4._V1_.jpg,1280,1811,6.5,,1961,2021,,,Tokyo Revengers,movie,Movie,,"[{'id': 'movie', 'text': 'Movie', 'value': 'movie'}]",False,False,False,,,JP
tt11819890,False,True,Gekijouban Poketto monsutâ: koko,rm2140453121,https://m.media-amazon.com/images/M/MV5BMTRmOGE4ZTgtODc5YS00YTdmLWJjZDUtNWExODA5NTgyNGY3XkEyXkFqcGdeQXVyNzYzNjg0NDk@._V1_.jpg,800,1131,6.4,,2561,2020,,,Pokémon the Movie: Secrets of the Jungle,movie,Movie,,"[{'id': 'movie', 'text': 'Movie', 'value': 'movie'}]",False,False,False,,,JP
tt10766468,False,True,Gintama: The Final,rm3822450177,https://m.media-amazon.com/images/M/MV5BNWIwNjI2ZDMtNTJmNy00YTkxLTg0MmUtMTMyMmZmNDYzMmIyXkEyXkFqcGdeQXVyMTMzNDExODE5._V1_.jpg,914,1288,8.5,,3059,2021,,,Gintama: The Final,movie,Movie,,"[{'id': 'movie', 'text': 'Movie', 'value': 'movie'}]",False,False,False,,,JP
tt9310328,False,True,Altered Carbon: Resleeved,rm2133114369,https://m.media-amazon.com/images/M/MV5BMzQ4OTA4YjYtMjQ5My00ZGEzLTkyOGYtNzk4NjZlYTc5MTBjXkEyXkFqcGdeQXVyMTkxNjUyNQ@@._V1_.jpg,1013,1500,6.4,,7016,2020,,,Altered Carbon: Resleeved,movie,Movie,,"[{'id': 'movie', 'text': 'Movie', 'value': 'movie'}]",False,False,False,,,JP
tt13424422,False,True,Gekijôban Sword Art Online Progressive Hoshi naki yoru no Aria,rm4231591937,https://m.media-amazon.com/images/M/MV5BMTVlNzM0YjktNjdmNS00MmZmLTk4MjgtOWUyNTQ2MjFiNmU5XkEyXkFqcGdeQXVyODMyNTM0MjM@._V1_.jpg,1408,1984,7.2,,2097,2021,,,Sword Art Online: Progressive - Aria of a Starless Night,movie,Movie,,"[{'id': 'movie', 'text': 'Movie', 'value': 'movie'}]",False,False,False,,,JP
tt12011442,False,True,Burn the Witch,rm4287013633,https://m.media-amazon.com/images/M/MV5BODg1YTRlMGUtYTFlYS00ODRmLTk4ZTktNjIyNWUxMDg1MjBjXkEyXkFqcGdeQXVyODMyNTM0MjM@._V1_.jpg,1798,2560,6.7,,1348,2020,,,Burn the Witch,movie,Movie,,"[{'id': 'movie', 'text': 'Movie', 'value': 'movie'}]",False,False,False,,,JP
tt9507234,False,True,Digimon Adventure: Last Evolution Kizuna,rm81246721,https://m.media-amazon.com/images/M/MV5BMDdmNTEwMmYtN2MwYi00NmMzLTg2ZjUtMmI4MDkyNWUzYmE5XkEyXkFqcGdeQXVyNzEyMDQ1MDA@._V1_.jpg,700,990,7.5,,1981,2020,,,Digimon Adventure: Last Evolution Kizuna,movie,Movie,,"[{'id': 'movie', 'text': 'Movie', 'value': 'movie'}]",False,False,False,,,JP
tt8092118,False,True,Gekijouban Fate/Stay Night: Heaven's Feel - III. Spring Song,rm310551297,https://m.media-amazon.com/images/M/MV5BYTg3MmY5MzMtNTdjYS00ZWU2LWI2ODUtOGRmZDRkMzk3MjE4XkEyXkFqcGdeQXVyMTIzNDg4NTk0._V1_.jpg,700,1023,7.9,,2708,2020,,,Fate/stay night [Heaven's Feel] III. spring song,movie,Movie,,"[{'id': 'movie', 'text': 'Movie', 'value': 'movie'}]",False,False,False,,,JP
tt15830702,False,True,Gekijouban Sword Art Online the Movie: Progressive - Kuraki Yuuyami no Scherzo,rm3278178561,https://m.media-amazon.com/images/M/MV5BNzExZjlkODEtNTNiNC00OGE4LWI0YTEtNzVjODU5NzFjN2FjXkEyXkFqcGdeQXVyMTEwMjgyMzIz._V1_.jpg,2898,4096,6.7,,1033,2022,,,Sword Art Online the Movie: Progressive - Scherzo of Deep Night,movie,Movie,,"[{'id': 'movie', 'text': 'Movie', 'value': 'movie'}]",False,False,False,,,JP
tt13288678,False,True,Kidô senshi Gandamu: Senkô no Hasauei,rm769005825,https://m.media-amazon.com/images/M/MV5BYThkZTFjN2YtMmFlMy00YjRjLThjOGUtOGE3YWY3NDJkMjUxXkEyXkFqcGdeQXVyMTM3NDc1OTM2._V1_.jpg,850,1200,6.6,,1967,2021,,,Mobile Suit Gundam: Hathaway,movie,Movie,,"[{'id': 'movie', 'text': 'Movie', 'value': 'movie'}]",False,False,False,,,JP
tt12093860,False,True,Meitantei Konan Hiiro no Dangan,rm2077506305,https://m.media-amazon.com/images/M/MV5BZjlmZTAyYmQtYjA1Ny00N2IwLTlmZTktNjc0OTM4OTQ2ZDE3XkEyXkFqcGdeQXVyMTA0MTM5NjI2._V1_.jpg,2000,3000,6.2,,1779,2021,,,Detective Conan: The Scarlet Bullet,movie,Movie,,"[{'id': 'movie', 'text': 'Movie', 'value': 'movie'}]",False,False,False,,,JP
tt13884144,False,True,Gekijouban Nanatsu no Taizai: Hikari ni Norowareshi Mono-tachi,rm3055549185,https://m.media-amazon.com/images/M/MV5BYjQ3ZGQxNjItNzIwMi00N2ZiLTliY2QtZDU3MTIwZTY0OWU4XkEyXkFqcGdeQXVyODMyNTM0MjM@._V1_.jpg,2903,4096,6.3,,1475,2021,,,The Seven Deadly Sins: Cursed by Light,movie,Movie,,"[{'id': 'movie', 'text': 'Movie', 'value': 'movie'}]",False,False,False,,,JP
tt11151982,False,True,Goblin Slayer: Goblin's Crown,rm1439336193,https://m.media-amazon.com/images/M/MV5BYzIzNTNkZmMtYTE2Mi00NWEwLTk5MzktNWM2ZTNlNDI2MmM4XkEyXkFqcGdeQXVyNjc3MjQzNTI@._V1_.jpg,425,600,6.6,,2098,2020,,,Goblin Slayer: Goblin's Crown,movie,Movie,,"[{'id': 'movie', 'text': 'Movie', 'value': 'movie'}]",False,False,False,,,JP
tt19770970,False,True,Meitantei Conan: Halloween no Hanayome,rm134953473,https://m.media-amazon.com/images/M/MV5BNTE5NzNhNzYtY2YxOC00ZjY2LTk5MzctNWY0NDdiN2IxNzc0XkEyXkFqcGdeQXVyMTA0MTM5NjI2._V1_.jpg,2000,3000,6.8,,1779,2022,,,Detective Conan: The Bride of Halloween,movie,Movie,,"[{'id': 'movie', 'text': 'Movie', 'value': 'movie'}]",False,False,False,,,JP
tt10508838,False,True,Zheng tu,rm4172656129,https://m.media-amazon.com/images/M/MV5BZmUxMWVhMDEtNTI5ZS00NjNjLWIzY2ItYTFiYThhYWNmYWY3XkEyXkFqcGdeQXVyOTE4ODkzMzA@._V1_.jpg,1417,1984,6.2,,4808,2020,,,Double World,movie,Movie,,"[{'id': 'movie', 'text': 'Movie', 'value': 'movie'}]",False,False,False,,,CN
tt13269670,False,True,Xin shen bang: Ne Zha chong sheng,rm3257195009,https://m.media-amazon.com/images/M/MV5BZmU0ZTQ1OWYtOTcyMi00OWVmLWJkNmEtY2I5OGEwYTJmM2Q1XkEyXkFqcGdeQXVyNDM1Nzc0MTI@._V1_.jpg,1429,2000,6.8,,3920,2021,,,New Gods: Nezha Reborn,movie,Movie,,"[{'id': 'movie', 'text': 'Movie', 'value': 'movie'}]",False,False,False,,,CN
tt13317320,False,True,Ju ji shou,rm3524258049,https://m.media-amazon.com/images/M/MV5BMjk0YTA5MzUtZDJjMy00M2IzLWJmNmEtZmMxOTkxZDYzZGEzXkEyXkFqcGdeQXVyNDM1Nzc0MTI@._V1_.jpg,1772,2481,6.3,,1351,2022,,,Snipers,movie,Movie,,"[{'id': 'movie', 'text': 'Movie', 'value': 'movie'}]",False,False,False,,,CN
tt12151820,False,True,Shi shen ling,rm2422136321,https://m.media-amazon.com/images/M/MV5BZDFhN2FjYTYtOTNmMy00ZmFkLWIyNmMtYWI3YWEzZWMwODY1XkEyXkFqcGdeQXVyOTkwMDYwOTk@._V1_.jpg,5904,8268,6.4,,3242,2021,,,The Yinyang Master,movie,Movie,,"[{'id': 'movie', 'text': 'Movie', 'value': 'movie'}]",False,False,False,,,CN
tt11177804,False,True,Jiang Ziya,rm1235802881,https://m.media-amazon.com/images/M/MV5BZTEwNzRjNjgtMmM1Yy00ZDY3LWIyZDgtOWNlZWY1ZGYzNzg0XkEyXkFqcGdeQXVyNzI1NzMxNzM@._V1_.jpg,3000,4367,6.5,,2273,2020,,,Jiang Ziya,movie,Movie,,"[{'id': 'movie', 'text': 'Movie', 'value': 'movie'}]",False,False,False,,,CN
tt11564214,False,True,Ren chao xiong yong,rm2597375745,https://m.media-amazon.com/images/M/MV5BMTY4NTg0YzgtOTdkZS00N2JiLTgxZjgtZDAyZTk3YTk5ZWNkXkEyXkFqcGdeQXVyNzI1NzMxNzM@._V1_.jpg,1429,2000,6.2,,1048,2021,,,End Game,movie,Movie,,"[{'id': 'movie', 'text': 'Movie', 'value': 'movie'}]",False,False,False,,,CN
